unit_id,canonical_name,organization_type,unit_level,coverage_group,normalized_key,ascii_key,source_url,source_sha256,source_hash_kind,qa_status,registry_version
BCA-2EE86E599CFA,Công an tỉnh An Giang,BCA,PROVINCIAL,BCA_PROVINCIAL_POLICE,công an tỉnh an giang,cong an tinh an giang,https://hvannd.bocongan.gov.vn/bv/ct/16427/thong-cao-bao-chi-ve-trien-khai-sap-xep-to-chuc-cong-an-cap-tinh-cap-xa-theo-chu-truong-sap-xep-to-chuc-lai-don-vi-hanh-chinh-cac-cap-,b4c08f067affe57c4722b9fe5e3f0b7bd22ad7cfe12444afda74207cc5655a3c,EVIDENCE_RECORD_SHA256,APPROVED,2026.09-v2-baseline43
BCA-FD9C3AC10151,Công an tỉnh Bắc Ninh,BCA,PROVINCIAL,BCA_PROVINCIAL_POLICE,công an tỉnh bắc ninh,cong an tinh bac ninh,https://hvannd.bocongan.gov.vn/bv/ct/16427/thong-cao-bao-chi-ve-trien-khai-sap-xep-to-chuc-cong-an-cap-tinh-cap-xa-theo-chu-truong-sap-xep-to-chuc-lai-don-vi-hanh-chinh-cac-cap-,d958277f4e77c614fa4d673bee894bb205625dbf117c31d4baeac7cb71bd6674,EVIDENCE_RECORD_SHA256,APPROVED,2026.09-v2-baseline43
BCA-8A1720F5E34C,Công an tỉnh Cà Mau,BCA,PROVINCIAL,BCA_PROVINCIAL_POLICE,công an tỉnh cà mau,cong an tinh ca mau,https://hvannd.bocongan.gov.vn/bv/ct/16427/thong-cao-bao-chi-ve-trien-khai-sap-xep-to-chuc-cong-an-cap-tinh-cap-xa-theo-chu-truong-sap-xep-to-chuc-lai-don-vi-hanh-chinh-cac-cap-,0e954e31537f2ca2a8678da846c44e8b6f3c8dbbd5e97f32fad52010088e5f82,EVIDENCE_RECORD_SHA256,APPROVED,2026.09-v2-baseline43
BCA-6258858555C5,Công an tỉnh Cao Bằng,BCA,PROVINCIAL,BCA_PROVINCIAL_POLICE,công an tỉnh cao bằng,cong an tinh cao bang,https://hvannd.bocongan.gov.vn/bv/ct/16427/thong-cao-bao-chi-ve-trien-khai-sap-xep-to-chuc-cong-an-cap-tinh-cap-xa-theo-chu-truong-sap-xep-to-chuc-lai-don-vi-hanh-chinh-cac-cap-,bef6d0a00938e395920a1ba746a28415fe120c5f500718c566713fe5b555a6ec,EVIDENCE_RECORD_SHA256,APPROVED,2026.09-v2-baseline43
BCA-D460EF8BF2CC,Công an thành phố Cần Thơ,BCA,PROVINCIAL,BCA_PROVINCIAL_POLICE,công an thành phố cần thơ,cong an thanh pho can tho,https://hvannd.bocongan.gov.vn/bv/ct/16427/thong-cao-bao-chi-ve-trien-khai-sap-xep-to-chuc-cong-an-cap-tinh-cap-xa-theo-chu-truong-sap-xep-to-chuc-lai-don-vi-hanh-chinh-cac-cap-,c9e8d79a0b66f5930f1d38c44ee8b8e5d1ae55284556b8b4003a4d1ef52d273c,EVIDENCE_RECORD_SHA256,APPROVED,2026.09-v2-baseline43
BCA-7C8F653929C6,Công an thành phố Đà Nẵng,BCA,PROVINCIAL,BCA_PROVINCIAL_POLICE,công an thành phố đà nẵng,cong an thanh pho đa nang,https://hvannd.bocongan.gov.vn/bv/ct/16427/thong-cao-bao-chi-ve-trien-khai-sap-xep-to-chuc-cong-an-cap-tinh-cap-xa-theo-chu-truong-sap-xep-to-chuc-lai-don-vi-hanh-chinh-cac-cap-,42419f7985e1d18a8b75cf905a2a621aff6fe3bbd2097c486d0f7694316cb05e,EVIDENCE_RECORD_SHA256,APPROVED,2026.09-v2-baseline43
BCA-6099D7FB354E,Công an tỉnh Đắk Lắk,BCA,PROVINCIAL,BCA_PROVINCIAL_POLICE,công an tỉnh đắk lắk,cong an tinh đak lak,https://hvannd.bocongan.gov.vn/bv/ct/16427/thong-cao-bao-chi-ve-trien-khai-sap-xep-to-chuc-cong-an-cap-tinh-cap-xa-theo-chu-truong-sap-xep-to-chuc-lai-don-vi-hanh-chinh-cac-cap-,f1e515630aa16136742374c1a0990a7923efd2f429a268a82595d9e9dc18b086,EVIDENCE_RECORD_SHA256,APPROVED,2026.09-v2-baseline43
BCA-C5BE66458041,Công an tỉnh Điện Biên,BCA,PROVINCIAL,BCA_PROVINCIAL_POLICE,công an tỉnh điện biên,cong an tinh đien bien,https://hvannd.bocongan.gov.vn/bv/ct/16427/thong-cao-bao-chi-ve-trien-khai-sap-xep-to-chuc-cong-an-cap-tinh-cap-xa-theo-chu-truong-sap-xep-to-chuc-lai-don-vi-hanh-chinh-cac-cap-,f538a4f7e9f760c33c19f44358e284bfb316c589ff3e1a705929a653858b9adc,EVIDENCE_RECORD_SHA256,APPROVED,2026.09-v2-baseline43
BCA-BA15ECEE7BDD,Công an tỉnh Đồng Nai,BCA,PROVINCIAL,BCA_PROVINCIAL_POLICE,công an tỉnh đồng nai,cong an tinh đong nai,https://hvannd.bocongan.gov.vn/bv/ct/16427/thong-cao-bao-chi-ve-trien-khai-sap-xep-to-chuc-cong-an-cap-tinh-cap-xa-theo-chu-truong-sap-xep-to-chuc-lai-don-vi-hanh-chinh-cac-cap-,1067179ddbde4aacc249b2614d891c69c2834d5532a88bec837c9bc0e4e604bf,EVIDENCE_RECORD_SHA256,APPROVED,2026.09-v2-baseline43
BCA-3CCD15224078,Công an tỉnh Đồng Tháp,BCA,PROVINCIAL,BCA_PROVINCIAL_POLICE,công an tỉnh đồng tháp,cong an tinh đong thap,https://hvannd.bocongan.gov.vn/bv/ct/16427/thong-cao-bao-chi-ve-trien-khai-sap-xep-to-chuc-cong-an-cap-tinh-cap-xa-theo-chu-truong-sap-xep-to-chuc-lai-don-vi-hanh-chinh-cac-cap-,5ca084b2735e832fd78293af8d079ba6c82578b1f0c9cdcfa9c39bb2914ab13a,EVIDENCE_RECORD_SHA256,APPROVED,2026.09-v2-baseline43
BCA-FB2B5ECC5559,Công an tỉnh Gia Lai,BCA,PROVINCIAL,BCA_PROVINCIAL_POLICE,công an tỉnh gia lai,cong an tinh gia lai,https://hvannd.bocongan.gov.vn/bv/ct/16427/thong-cao-bao-chi-ve-trien-khai-sap-xep-to-chuc-cong-an-cap-tinh-cap-xa-theo-chu-truong-sap-xep-to-chuc-lai-don-vi-hanh-chinh-cac-cap-,e02b185860e55167ab00eb9427b13be4594db7e984229a4b665a45b4c75d0fbc,EVIDENCE_RECORD_SHA256,APPROVED,2026.09-v2-baseline43
BCA-ABE8053FF776,Công an thành phố Hà Nội,BCA,PROVINCIAL,BCA_PROVINCIAL_POLICE,công an thành phố hà nội,cong an thanh pho ha noi,https://hvannd.bocongan.gov.vn/bv/ct/16427/thong-cao-bao-chi-ve-trien-khai-sap-xep-to-chuc-cong-an-cap-tinh-cap-xa-theo-chu-truong-sap-xep-to-chuc-lai-don-vi-hanh-chinh-cac-cap-,d28de0dd9b82a2a7d176e705c62edcb10610bfc03bf59835e35c178ea6584157,EVIDENCE_RECORD_SHA256,APPROVED,2026.09-v2-baseline43
BCA-2FBC7E969155,Công an tỉnh Hà Tĩnh,BCA,PROVINCIAL,BCA_PROVINCIAL_POLICE,công an tỉnh hà tĩnh,cong an tinh ha tinh,https://hvannd.bocongan.gov.vn/bv/ct/16427/thong-cao-bao-chi-ve-trien-khai-sap-xep-to-chuc-cong-an-cap-tinh-cap-xa-theo-chu-truong-sap-xep-to-chuc-lai-don-vi-hanh-chinh-cac-cap-,79172a595af6a987c0ce179f8268480391fe1c4b8f059aaaef8df6f95336117a,EVIDENCE_RECORD_SHA256,APPROVED,2026.09-v2-baseline43
BCA-A14CAE6F04A9,Công an thành phố Hải Phòng,BCA,PROVINCIAL,BCA_PROVINCIAL_POLICE,công an thành phố hải phòng,cong an thanh pho hai phong,https://hvannd.bocongan.gov.vn/bv/ct/16427/thong-cao-bao-chi-ve-trien-khai-sap-xep-to-chuc-cong-an-cap-tinh-cap-xa-theo-chu-truong-sap-xep-to-chuc-lai-don-vi-hanh-chinh-cac-cap-,0919cf9f48da21ca145d13a6e40f2597363e7531d9002d36b0ed186f6073cd7c,EVIDENCE_RECORD_SHA256,APPROVED,2026.09-v2-baseline43
BCA-FEBC28C84512,Công an thành phố Hồ Chí Minh,BCA,PROVINCIAL,BCA_PROVINCIAL_POLICE,công an thành phố hồ chí minh,cong an thanh pho ho chi minh,https://hvannd.bocongan.gov.vn/bv/ct/16427/thong-cao-bao-chi-ve-trien-khai-sap-xep-to-chuc-cong-an-cap-tinh-cap-xa-theo-chu-truong-sap-xep-to-chuc-lai-don-vi-hanh-chinh-cac-cap-,722d8496bf0326a35ca57d854fad90e6d034ce2cf775f6ae8662800a63220a84,EVIDENCE_RECORD_SHA256,APPROVED,2026.09-v2-baseline43
BCA-AE0974F9DA98,Công an thành phố Huế,BCA,PROVINCIAL,BCA_PROVINCIAL_POLICE,công an thành phố huế,cong an thanh pho hue,https://hvannd.bocongan.gov.vn/bv/ct/16427/thong-cao-bao-chi-ve-trien-khai-sap-xep-to-chuc-cong-an-cap-tinh-cap-xa-theo-chu-truong-sap-xep-to-chuc-lai-don-vi-hanh-chinh-cac-cap-,d323847338a35b8140f1c97d58d5929c07674d77a73b415c5e8d482f0b5c572d,EVIDENCE_RECORD_SHA256,APPROVED,2026.09-v2-baseline43
BCA-AEE93CC1537F,Công an tỉnh Hưng Yên,BCA,PROVINCIAL,BCA_PROVINCIAL_POLICE,công an tỉnh hưng yên,cong an tinh hung yen,https://hvannd.bocongan.gov.vn/bv/ct/16427/thong-cao-bao-chi-ve-trien-khai-sap-xep-to-chuc-cong-an-cap-tinh-cap-xa-theo-chu-truong-sap-xep-to-chuc-lai-don-vi-hanh-chinh-cac-cap-,cd0e13467e3303c198116874c256cbdc850a876305f286ae02627a184e82b295,EVIDENCE_RECORD_SHA256,APPROVED,2026.09-v2-baseline43
BCA-AFDCEFC0CE12,Công an tỉnh Khánh Hòa,BCA,PROVINCIAL,BCA_PROVINCIAL_POLICE,công an tỉnh khánh hòa,cong an tinh khanh hoa,https://hvannd.bocongan.gov.vn/bv/ct/16427/thong-cao-bao-chi-ve-trien-khai-sap-xep-to-chuc-cong-an-cap-tinh-cap-xa-theo-chu-truong-sap-xep-to-chuc-lai-don-vi-hanh-chinh-cac-cap-,25a50be34bdf4c44ad8814fb132083cf7815004fab9cdc07fc311f80659ff5b9,EVIDENCE_RECORD_SHA256,APPROVED,2026.09-v2-baseline43
BCA-87A5CE3C966C,Công an tỉnh Lai Châu,BCA,PROVINCIAL,BCA_PROVINCIAL_POLICE,công an tỉnh lai châu,cong an tinh lai chau,https://hvannd.bocongan.gov.vn/bv/ct/16427/thong-cao-bao-chi-ve-trien-khai-sap-xep-to-chuc-cong-an-cap-tinh-cap-xa-theo-chu-truong-sap-xep-to-chuc-lai-don-vi-hanh-chinh-cac-cap-,5e059eda3301fcd506deb85d063b6ad025ed8a8529f4ed8b85325e1e7d856253,EVIDENCE_RECORD_SHA256,APPROVED,2026.09-v2-baseline43
BCA-FADCE01A16E8,Công an tỉnh Lạng Sơn,BCA,PROVINCIAL,BCA_PROVINCIAL_POLICE,công an tỉnh lạng sơn,cong an tinh lang son,https://hvannd.bocongan.gov.vn/bv/ct/16427/thong-cao-bao-chi-ve-trien-khai-sap-xep-to-chuc-cong-an-cap-tinh-cap-xa-theo-chu-truong-sap-xep-to-chuc-lai-don-vi-hanh-chinh-cac-cap-,880edb734f5046cb188ed8050f41e72666f58468b57de499e39c94b0f8e65053,EVIDENCE_RECORD_SHA256,APPROVED,2026.09-v2-baseline43
BCA-328FA92E339C,Công an tỉnh Lâm Đồng,BCA,PROVINCIAL,BCA_PROVINCIAL_POLICE,công an tỉnh lâm đồng,cong an tinh lam đong,https://hvannd.bocongan.gov.vn/bv/ct/16427/thong-cao-bao-chi-ve-trien-khai-sap-xep-to-chuc-cong-an-cap-tinh-cap-xa-theo-chu-truong-sap-xep-to-chuc-lai-don-vi-hanh-chinh-cac-cap-,4dd4544310ffb76a49699092285ba54dc4ca80c87a49c40c01d532785c3785f5,EVIDENCE_RECORD_SHA256,APPROVED,2026.09-v2-baseline43
BCA-7C0AA96F7763,Công an tỉnh Lào Cai,BCA,PROVINCIAL,BCA_PROVINCIAL_POLICE,công an tỉnh lào cai,cong an tinh lao cai,https://hvannd.bocongan.gov.vn/bv/ct/16427/thong-cao-bao-chi-ve-trien-khai-sap-xep-to-chuc-cong-an-cap-tinh-cap-xa-theo-chu-truong-sap-xep-to-chuc-lai-don-vi-hanh-chinh-cac-cap-,0c7c07dbf1669444a69ae64fa65b7a1ae8d1c0081781162bab8a8dfc657a16e7,EVIDENCE_RECORD_SHA256,APPROVED,2026.09-v2-baseline43
BCA-24D4B42C5A6F,Công an tỉnh Nghệ An,BCA,PROVINCIAL,BCA_PROVINCIAL_POLICE,công an tỉnh nghệ an,cong an tinh nghe an,https://hvannd.bocongan.gov.vn/bv/ct/16427/thong-cao-bao-chi-ve-trien-khai-sap-xep-to-chuc-cong-an-cap-tinh-cap-xa-theo-chu-truong-sap-xep-to-chuc-lai-don-vi-hanh-chinh-cac-cap-,9d8eee8635556fed0d659b79cd22be3f09cb287cb6c4bd4a24c37c5b72458147,EVIDENCE_RECORD_SHA256,APPROVED,2026.09-v2-baseline43
BCA-83FE2DAE436B,Công an tỉnh Ninh Bình,BCA,PROVINCIAL,BCA_PROVINCIAL_POLICE,công an tỉnh ninh bình,cong an tinh ninh binh,https://hvannd.bocongan.gov.vn/bv/ct/16427/thong-cao-bao-chi-ve-trien-khai-sap-xep-to-chuc-cong-an-cap-tinh-cap-xa-theo-chu-truong-sap-xep-to-chuc-lai-don-vi-hanh-chinh-cac-cap-,168867c884507e88500fc81acc10d9b4df24c1fd1ac98114b8bd45b9c4b3f65c,EVIDENCE_RECORD_SHA256,APPROVED,2026.09-v2-baseline43
BCA-DC76347035FE,Công an tỉnh Phú Thọ,BCA,PROVINCIAL,BCA_PROVINCIAL_POLICE,công an tỉnh phú thọ,cong an tinh phu tho,https://hvannd.bocongan.gov.vn/bv/ct/16427/thong-cao-bao-chi-ve-trien-khai-sap-xep-to-chuc-cong-an-cap-tinh-cap-xa-theo-chu-truong-sap-xep-to-chuc-lai-don-vi-hanh-chinh-cac-cap-,3a467e10fd21f78f47a115d2f3a94d037d18c14c1a9b3d17dd745cdc7274320d,EVIDENCE_RECORD_SHA256,APPROVED,2026.09-v2-baseline43
BCA-5C652F320F2F,Công an tỉnh Quảng Ngãi,BCA,PROVINCIAL,BCA_PROVINCIAL_POLICE,công an tỉnh quảng ngãi,cong an tinh quang ngai,https://hvannd.bocongan.gov.vn/bv/ct/16427/thong-cao-bao-chi-ve-trien-khai-sap-xep-to-chuc-cong-an-cap-tinh-cap-xa-theo-chu-truong-sap-xep-to-chuc-lai-don-vi-hanh-chinh-cac-cap-,d86dd5019dbd026fb48c0e12158cfbf0875c0d71ef603a3be0f29625a106ed47,EVIDENCE_RECORD_SHA256,APPROVED,2026.09-v2-baseline43
BCA-56E684F6173D,Công an tỉnh Quảng Ninh,BCA,PROVINCIAL,BCA_PROVINCIAL_POLICE,công an tỉnh quảng ninh,cong an tinh quang ninh,https://hvannd.bocongan.gov.vn/bv/ct/16427/thong-cao-bao-chi-ve-trien-khai-sap-xep-to-chuc-cong-an-cap-tinh-cap-xa-theo-chu-truong-sap-xep-to-chuc-lai-don-vi-hanh-chinh-cac-cap-,a9b563d677a05763f12dd75f98640d2dbf78b9c0fd83bdf54cae3acd354d0dcf,EVIDENCE_RECORD_SHA256,APPROVED,2026.09-v2-baseline43
BCA-F6DFA7702DED,Công an tỉnh Quảng Trị,BCA,PROVINCIAL,BCA_PROVINCIAL_POLICE,công an tỉnh quảng trị,cong an tinh quang tri,https://hvannd.bocongan.gov.vn/bv/ct/16427/thong-cao-bao-chi-ve-trien-khai-sap-xep-to-chuc-cong-an-cap-tinh-cap-xa-theo-chu-truong-sap-xep-to-chuc-lai-don-vi-hanh-chinh-cac-cap-,c1b9dd871be6bbca36da30b62722317c08c81243dd97488b94c16d646fc4581b,EVIDENCE_RECORD_SHA256,APPROVED,2026.09-v2-baseline43
BCA-0A61880510F9,Công an tỉnh Sơn La,BCA,PROVINCIAL,BCA_PROVINCIAL_POLICE,công an tỉnh sơn la,cong an tinh son la,https://hvannd.bocongan.gov.vn/bv/ct/16427/thong-cao-bao-chi-ve-trien-khai-sap-xep-to-chuc-cong-an-cap-tinh-cap-xa-theo-chu-truong-sap-xep-to-chuc-lai-don-vi-hanh-chinh-cac-cap-,b69e62f412bfd27cb30147625b3ed726339d0a2741a2e3aa0aa37d77e43c653f,EVIDENCE_RECORD_SHA256,APPROVED,2026.09-v2-baseline43
BCA-780C1E3BD9E8,Công an tỉnh Tây Ninh,BCA,PROVINCIAL,BCA_PROVINCIAL_POLICE,công an tỉnh tây ninh,cong an tinh tay ninh,https://hvannd.bocongan.gov.vn/bv/ct/16427/thong-cao-bao-chi-ve-trien-khai-sap-xep-to-chuc-cong-an-cap-tinh-cap-xa-theo-chu-truong-sap-xep-to-chuc-lai-don-vi-hanh-chinh-cac-cap-,34575d855aae2e02f7a520e7371c12ce3d1f91813dd035d76b4e39e51d761a61,EVIDENCE_RECORD_SHA256,APPROVED,2026.09-v2-baseline43
BCA-2A151EF27216,Công an tỉnh Thanh Hóa,BCA,PROVINCIAL,BCA_PROVINCIAL_POLICE,công an tỉnh thanh hóa,cong an tinh thanh hoa,https://hvannd.bocongan.gov.vn/bv/ct/16427/thong-cao-bao-chi-ve-trien-khai-sap-xep-to-chuc-cong-an-cap-tinh-cap-xa-theo-chu-truong-sap-xep-to-chuc-lai-don-vi-hanh-chinh-cac-cap-,436f1e882644df473aebb27f35046130651970681bbc661823ac0e6be081de56,EVIDENCE_RECORD_SHA256,APPROVED,2026.09-v2-baseline43
BCA-9D415686FF1E,Công an tỉnh Thái Nguyên,BCA,PROVINCIAL,BCA_PROVINCIAL_POLICE,công an tỉnh thái nguyên,cong an tinh thai nguyen,https://hvannd.bocongan.gov.vn/bv/ct/16427/thong-cao-bao-chi-ve-trien-khai-sap-xep-to-chuc-cong-an-cap-tinh-cap-xa-theo-chu-truong-sap-xep-to-chuc-lai-don-vi-hanh-chinh-cac-cap-,669fb93b65fa40abcb2cb927ebd77ee6cdfcb5f2f18884d8cb73723eb2d44b28,EVIDENCE_RECORD_SHA256,APPROVED,2026.09-v2-baseline43
BCA-A1A29FCF3C8A,Công an tỉnh Tuyên Quang,BCA,PROVINCIAL,BCA_PROVINCIAL_POLICE,công an tỉnh tuyên quang,cong an tinh tuyen quang,https://hvannd.bocongan.gov.vn/bv/ct/16427/thong-cao-bao-chi-ve-trien-khai-sap-xep-to-chuc-cong-an-cap-tinh-cap-xa-theo-chu-truong-sap-xep-to-chuc-lai-don-vi-hanh-chinh-cac-cap-,c2494700b524275e119594b6ae57b974a922cd5a12e869181dea8ecf51c94bda,EVIDENCE_RECORD_SHA256,APPROVED,2026.09-v2-baseline43
BCA-56E07DC3B000,Công an tỉnh Vĩnh Long,BCA,PROVINCIAL,BCA_PROVINCIAL_POLICE,công an tỉnh vĩnh long,cong an tinh vinh long,https://hvannd.bocongan.gov.vn/bv/ct/16427/thong-cao-bao-chi-ve-trien-khai-sap-xep-to-chuc-cong-an-cap-tinh-cap-xa-theo-chu-truong-sap-xep-to-chuc-lai-don-vi-hanh-chinh-cac-cap-,56747cbd6f912b3ef284fda0a75e341053783e5009e56bd010f9919d34f4cb51,EVIDENCE_RECORD_SHA256,APPROVED,2026.09-v2-baseline43
BQP-2A4D9FFDC082,Quân khu 1,BQP,MILITARY_REGION,BQP_MILITARY_REGIONS,quân khu 1,quan khu 1,https://mod.gov.vn/vn/danh-sach-cm/sa-qpvn/sa-qpvn-bqp-root/sa-qpvn-bqp-child-qk,00896569de62a4883626657b94f24b0ac80bdb21daba37af23f1a6df8b403593,EVIDENCE_RECORD_SHA256,APPROVED,2026.09-v2-baseline43
BQP-FB2CD76EB116,Quân khu 2,BQP,MILITARY_REGION,BQP_MILITARY_REGIONS,quân khu 2,quan khu 2,https://mod.gov.vn/vn/danh-sach-cm/sa-qpvn/sa-qpvn-bqp-root/sa-qpvn-bqp-child-qk,d975c38cc3d50408a4540e1413cb18e733ebf8e0d13575d357b3c7f9192f2a92,EVIDENCE_RECORD_SHA256,APPROVED,2026.09-v2-baseline43
BQP-85788858CF61,Quân khu 3,BQP,MILITARY_REGION,BQP_MILITARY_REGIONS,quân khu 3,quan khu 3,https://mod.gov.vn/vn/danh-sach-cm/sa-qpvn/sa-qpvn-bqp-root/sa-qpvn-bqp-child-qk,2370bf6e67992f355fc7e2c4c1f351bcb6061b1cd8b3956fbf2c6fede1080a62,EVIDENCE_RECORD_SHA256,APPROVED,2026.09-v2-baseline43
BQP-C3ACB3CC2467,Quân khu 4,BQP,MILITARY_REGION,BQP_MILITARY_REGIONS,quân khu 4,quan khu 4,https://mod.gov.vn/vn/danh-sach-cm/sa-qpvn/sa-qpvn-bqp-root/sa-qpvn-bqp-child-qk,3db8e9fb0b08f34cc2e83f534c11cf15d58265fdb6374b3bfbffb2c518c6f34b,EVIDENCE_RECORD_SHA256,APPROVED,2026.09-v2-baseline43
BQP-6B18DF8D5161,Quân khu 5,BQP,MILITARY_REGION,BQP_MILITARY_REGIONS,quân khu 5,quan khu 5,https://mod.gov.vn/vn/danh-sach-cm/sa-qpvn/sa-qpvn-bqp-root/sa-qpvn-bqp-child-qk,cb7d6f3b500c2be03a240b0b76b2f8e85d21ecf0040bcd2945d2aded73979517,EVIDENCE_RECORD_SHA256,APPROVED,2026.09-v2-baseline43
BQP-F119CEB93E4E,Quân khu 7,BQP,MILITARY_REGION,BQP_MILITARY_REGIONS,quân khu 7,quan khu 7,https://mod.gov.vn/vn/danh-sach-cm/sa-qpvn/sa-qpvn-bqp-root/sa-qpvn-bqp-child-qk,f2b99ce19aed54d5711997e602098078948a4ef97d7d8896a21b33bdc6f4c4f2,EVIDENCE_RECORD_SHA256,APPROVED,2026.09-v2-baseline43
BQP-ADB668D569D4,Quân khu 9,BQP,MILITARY_REGION,BQP_MILITARY_REGIONS,quân khu 9,quan khu 9,https://mod.gov.vn/vn/danh-sach-cm/sa-qpvn/sa-qpvn-bqp-root/sa-qpvn-bqp-child-qk,5f6cabf882facc0ca244019233aba7adab0b05efd19366a592f8afd7a8da5088,EVIDENCE_RECORD_SHA256,APPROVED,2026.09-v2-baseline43
BQP-D95061C2E457,Quân đoàn 12,BQP,ARMY_CORPS,BQP_ARMY_CORPS,quân đoàn 12,quan đoan 12,https://www.mod.gov.vn/vn/chi-tiet/sa-ttsk/sa-tt-qpan/dang-uy-bttm-co-quan-bqp-lanh-dao-thuc-hien-thang-loi-cong-tac-quan-su-quoc-phong-gop-phan-xay-dung-qdnd-viet-nam-cach-mang-chinh-quy-tinh-nhue-hien-dai,48d5b591156339b69c3b33a66873a687787e0df7297badb7d6b0793e9da143a6,EVIDENCE_RECORD_SHA256,APPROVED,2026.09-v2-baseline43
BQP-2C9394F62159,Quân đoàn 34,BQP,ARMY_CORPS,BQP_ARMY_CORPS,quân đoàn 34,quan đoan 34,https://www.mod.gov.vn/vn/chi-tiet/sa-ttsk/sa-tt-qpan/dang-uy-bttm-co-quan-bqp-lanh-dao-thuc-hien-thang-loi-cong-tac-quan-su-quoc-phong-gop-phan-xay-dung-qdnd-viet-nam-cach-mang-chinh-quy-tinh-nhue-hien-dai,005c290342e51f663fd37e0141fe55ae1a4279021bcbec762f8718fe58a25339,EVIDENCE_RECORD_SHA256,APPROVED,2026.09-v2-baseline43
